大学名,URL,カテゴリー,元ファイル
北海道大学,http://www.hokudai.ac.jp/,国立大学,national_universities.csv
北海道教育大学,http://www.hokkyodai.ac.jp/,国立大学,national_universities.csv
室蘭工業大学,http://www.muroran-it.ac.jp/index-j.html,国立大学,national_universities.csv
小樽商科大学,http://www.otaru-uc.ac.jp/,国立大学,national_universities.csv
帯広畜産大学,http://www.obihiro.ac.jp/,国立大学,national_universities.csv
旭川医科大学,http://www.asahikawa-med.ac.jp/,国立大学,national_universities.csv
北見工業大学,http://www.kitami-it.ac.jp/,国立大学,national_universities.csv
弘前大学,http://www.hirosaki-u.ac.jp/,国立大学,national_universities.csv
岩手大学,http://www.iwate-u.ac.jp/,国立大学,national_universities.csv
東北大学,http://www.tohoku.ac.jp/japanese/,国立大学,national_universities.csv
宮城教育大学,http://www.miyakyo-u.ac.jp/,国立大学,national_universities.csv
秋田大学,http://www.akita-u.ac.jp/,国立大学,national_universities.csv
山形大学,http://www.yamagata-u.ac.jp/index-j.html,国立大学,national_universities.csv
福島大学,http://www.fukushima-u.ac.jp/,国立大学,national_universities.csv
茨城大学,http://www.ibaraki.ac.jp/,国立大学,national_universities.csv
筑波大学,http://www.tsukuba.ac.jp/,国立大学,national_universities.csv
筑波技術大学,http://www.tsukuba-tech.ac.jp/,国立大学,national_universities.csv
宇都宮大学,http://www.utsunomiya-u.ac.jp/,国立大学,national_universities.csv
群馬大学,http://www.gunma-u.ac.jp/,国立大学,national_universities.csv
埼玉大学,http://www.saitama-u.ac.jp/,国立大学,national_universities.csv
千葉大学,http://www.chiba-u.ac.jp/,国立大学,national_universities.csv
東京大学,http://www.u-tokyo.ac.jp/index_j.html,国立大学,national_universities.csv
東京外国語大学,http://www.tufs.ac.jp/,国立大学,national_universities.csv
東京学芸大学,http://www.u-gakugei.ac.jp/,国立大学,national_universities.csv
東京農工大学,http://www.tuat.ac.jp/,国立大学,national_universities.csv
東京芸術大学,http://www.geidai.ac.jp/,国立大学,national_universities.csv
東京科学大学,https://www.isct.ac.jp/ja,国立大学,national_universities.csv
東京海洋大学,http://www.kaiyodai.ac.jp/,国立大学,national_universities.csv
お茶の水女子大学,http://www.ocha.ac.jp/,国立大学,national_universities.csv
電気通信大学,http://www.uec.ac.jp/,国立大学,national_universities.csv
一橋大学,http://www.hit-u.ac.jp/,国立大学,national_universities.csv
横浜国立大学,http://www.ynu.ac.jp/,国立大学,national_universities.csv
新潟大学,http://www.niigata-u.ac.jp/,国立大学,national_universities.csv
長岡技術科学大学,http://www.nagaokaut.ac.jp/,国立大学,national_universities.csv
上越教育大学,http://www.juen.ac.jp/,国立大学,national_universities.csv
山梨大学,http://www.yamanashi.ac.jp/,国立大学,national_universities.csv
信州大学,http://www.shinshu-u.ac.jp/,国立大学,national_universities.csv
政策研究大学院大学,http://www.grips.ac.jp/,国立大学,national_universities.csv
総合研究大学院大学,http://www.soken.ac.jp/,国立大学,national_universities.csv
富山大学,https://www.u-toyama.ac.jp/,国立大学,national_universities.csv
金沢大学,http://www.kanazawa-u.ac.jp/,国立大学,national_universities.csv
福井大学,http://www.u-fukui.ac.jp/,国立大学,national_universities.csv
岐阜大学,http://www.gifu-u.ac.jp/index.html,国立大学,national_universities.csv
静岡大学,http://www.shizuoka.ac.jp/,国立大学,national_universities.csv
浜松医科大学,http://www.hama-med.ac.jp/,国立大学,national_universities.csv
名古屋大学,http://www.nagoya-u.ac.jp/,国立大学,national_universities.csv
愛知教育大学,http://www.aichi-edu.ac.jp/,国立大学,national_universities.csv
名古屋工業大学,http://www.nitech.ac.jp/,国立大学,national_universities.csv
豊橋技術科学大学,http://www.tut.ac.jp/,国立大学,national_universities.csv
三重大学,http://www.mie-u.ac.jp/,国立大学,national_universities.csv
滋賀大学,http://www.shiga-u.ac.jp/,国立大学,national_universities.csv
滋賀医科大学,http://www.shiga-med.ac.jp/,国立大学,national_universities.csv
京都大学,http://www.kyoto-u.ac.jp/,国立大学,national_universities.csv
京都教育大学,http://www.kyokyo-u.ac.jp/,国立大学,national_universities.csv
京都工芸繊維大学,http://www.kit.ac.jp/,国立大学,national_universities.csv
大阪大学,http://www.osaka-u.ac.jp/,国立大学,national_universities.csv
大阪教育大学,http://www.osaka-kyoiku.ac.jp/,国立大学,national_universities.csv
兵庫教育大学,http://www.hyogo-u.ac.jp/,国立大学,national_universities.csv
神戸大学,http://www.kobe-u.ac.jp/,国立大学,national_universities.csv
奈良教育大学,http://www.nara-edu.ac.jp/home-jp.htm,国立大学,national_universities.csv
奈良女子大学,http://www.nara-wu.ac.jp/,国立大学,national_universities.csv
和歌山大学,http://www.wakayama-u.ac.jp/,国立大学,national_universities.csv
北陸先端科学技術大学院大学,https://www.jaist.ac.jp/index.html,国立大学,national_universities.csv
奈良先端科学技術大学院大学,https://www.naist.jp/,国立大学,national_universities.csv
鳥取大学,http://www.tottori-u.ac.jp/,国立大学,national_universities.csv
島根大学,http://www.shimane-u.ac.jp/,国立大学,national_universities.csv
岡山大学,http://www.okayama-u.ac.jp/,国立大学,national_universities.csv
広島大学,http://www.hiroshima-u.ac.jp/index-j.html,国立大学,national_universities.csv
山口大学,http://www.yamaguchi-u.ac.jp/,国立大学,national_universities.csv
徳島大学,http://www.tokushima-u.ac.jp/,国立大学,national_universities.csv
鳴門教育大学,http://www.naruto-u.ac.jp/,国立大学,national_universities.csv
香川大学,http://www.kagawa-u.ac.jp/,国立大学,national_universities.csv
愛媛大学,http://www.ehime-u.ac.jp/,国立大学,national_universities.csv
高知大学,http://www.kochi-u.ac.jp/JA/,国立大学,national_universities.csv
福岡教育大学,http://www.fukuoka-edu.ac.jp/,国立大学,national_universities.csv
九州大学,http://www.kyushu-u.ac.jp/,国立大学,national_universities.csv
九州芸術工科大学,http://www.kyushu-id.ac.jp/,国立大学,national_universities.csv
九州工業大学,http://www.kyutech.ac.jp/,国立大学,national_universities.csv
佐賀大学,http://www.saga-u.ac.jp/,国立大学,national_universities.csv
長崎大学,http://www.nagasaki-u.ac.jp/,国立大学,national_universities.csv
熊本大学,http://www.kumamoto-u.ac.jp/,国立大学,national_universities.csv
大分大学,http://www.oita-u.ac.jp/,国立大学,national_universities.csv
宮崎大学,http://www.miyazaki-u.ac.jp/,国立大学,national_universities.csv
鹿児島大学,http://www.kagoshima-u.ac.jp/,国立大学,national_universities.csv
鹿屋体育大学,http://www.nifs-k.ac.jp/,国立大学,national_universities.csv
琉球大学,http://www.u-ryukyu.ac.jp/,国立大学,national_universities.csv
鳥取看護大学,https://www.tcn.ac.jp/,私立大学,private_universities_chugoku_shikoku.csv
吉備国際大学,https://kiui.jp/pc/,私立大学,private_universities_chugoku_shikoku.csv
岡山商科大学,https://www.osu.ac.jp/,私立大学,private_universities_chugoku_shikoku.csv
岡山理科大学,https://www.ous.ac.jp/,私立大学,private_universities_chugoku_shikoku.csv
くらしき作陽大学,https://www.ksu.ac.jp/,私立大学,private_universities_chugoku_shikoku.csv
ノートルダム清心女子大学,https://www.ndsu.ac.jp/,私立大学,private_universities_chugoku_shikoku.csv
川崎医科大学,https://m.kawasaki-m.ac.jp/,私立大学,private_universities_chugoku_shikoku.csv
就実大学,https://www.shujitsu.ac.jp/web/index.html,私立大学,private_universities_chugoku_shikoku.csv
川崎医療福祉大学,https://w.kawasaki-m.ac.jp/,私立大学,private_universities_chugoku_shikoku.csv
山陽学園大学,https://www.sguc.ac.jp/,私立大学,private_universities_chugoku_shikoku.csv
倉敷芸術科学大学,https://www.kusa.ac.jp/,私立大学,private_universities_chugoku_shikoku.csv
岡山学院大学,https://www.owc.ac.jp/,私立大学,private_universities_chugoku_shikoku.csv
中国学園大学,https://www.cjc.ac.jp/,私立大学,private_universities_chugoku_shikoku.csv
環太平洋大学,https://www.ipu-japan.ac.jp/,私立大学,private_universities_chugoku_shikoku.csv
岡山医療専門職大学,https://opu.ac.jp/,私立大学,private_universities_chugoku_shikoku.csv
美作大学,https://mimasaka.jp/,私立大学,private_universities_chugoku_shikoku.csv
エリザベト音楽大学,https://www.eum.ac.jp/,私立大学,private_universities_chugoku_shikoku.csv
広島経済大学,https://www.hue.ac.jp/,私立大学,private_universities_chugoku_shikoku.csv
広島工業大学,https://www.it-hiroshima.ac.jp/,私立大学,private_universities_chugoku_shikoku.csv
広島修道大学,https://www.shudo-u.ac.jp/,私立大学,private_universities_chugoku_shikoku.csv
広島女学院大学,https://www.hju.ac.jp/,私立大学,private_universities_chugoku_shikoku.csv
広島文教大学,https://www.h-bunkyo.ac.jp/,私立大学,private_universities_chugoku_shikoku.csv
安田女子大学,https://www.yasuda-u.ac.jp/,私立大学,private_universities_chugoku_shikoku.csv
福山大学,https://www.fukuyama-u.ac.jp/,私立大学,private_universities_chugoku_shikoku.csv
比治山大学,https://www.hijiyama-u.ac.jp/,私立大学,private_universities_chugoku_shikoku.csv
福山平成大学,https://www.heisei-u.ac.jp/,私立大学,private_universities_chugoku_shikoku.csv
広島文化学園大学,https://www.hbg.ac.jp/,私立大学,private_universities_chugoku_shikoku.csv
広島国際大学,https://www.hirokoku-u.ac.jp/,私立大学,private_universities_chugoku_shikoku.csv
日本赤十字広島看護大学,https://www.jrchcn.ac.jp/,私立大学,private_universities_chugoku_shikoku.csv
広島都市学園大学,https://www.hcu.ac.jp/,私立大学,private_universities_chugoku_shikoku.csv
梅光学院大学,https://www.baiko.ac.jp/university/,私立大学,private_universities_chugoku_shikoku.csv
東亜大学,https://www.toua-u.ac.jp/,私立大学,private_universities_chugoku_shikoku.csv
至誠館大学,https://www.shiseikan.ac.jp/,私立大学,private_universities_chugoku_shikoku.csv
宇部フロンティア大学,https://www.frontier-u.jp/,私立大学,private_universities_chugoku_shikoku.csv
山口学芸大学,https://www.y-gakugei.ac.jp/,私立大学,private_universities_chugoku_shikoku.csv
四国大学,https://www.shikoku-u.ac.jp/,私立大学,private_universities_chugoku_shikoku.csv
徳島文理大学,https://www.bunri-u.ac.jp/index.html,私立大学,private_universities_chugoku_shikoku.csv
四国学院大学,https://www.sg-u.ac.jp/,私立大学,private_universities_chugoku_shikoku.csv
高松大学,https://www.takamatsu-u.ac.jp/,私立大学,private_universities_chugoku_shikoku.csv
松山大学,https://www.matsuyama-u.ac.jp/,私立大学,private_universities_chugoku_shikoku.csv
聖カタリナ大学,https://www.catherine.ac.jp,私立大学,private_universities_chugoku_shikoku.csv
松山東雲女子大学,https://college.shinonome.ac.jp/,私立大学,private_universities_chugoku_shikoku.csv
高知リハビリテーション専門職大学,https://kpur.ac.jp/,私立大学,private_universities_chugoku_shikoku.csv
高知学園大学,https://kochi-gu.ac.jp/,私立大学,private_universities_chugoku_shikoku.csv
高知健康科学大学,https://ko-ken-k3.ac.jp/,私立大学,private_universities_chugoku_shikoku.csv
札幌大学,https://www.sapporo-u.ac.jp/,私立大学,private_universities_hokkaido_tohoku.csv
札幌学院大学,https://www.sgu.ac.jp/,私立大学,private_universities_hokkaido_tohoku.csv
函館大学,https://www.hakodate-u.ac.jp/,私立大学,private_universities_hokkaido_tohoku.csv
藤女子大学,https://www.fujijoshi.ac.jp/,私立大学,private_universities_hokkaido_tohoku.csv
北星学園大学,https://www.hokusei.ac.jp/,私立大学,private_universities_hokkaido_tohoku.csv
北海学園大学,https://www.hgu.jp/,私立大学,private_universities_hokkaido_tohoku.csv
北海道科学大学,https://www.hus.ac.jp/,私立大学,private_universities_hokkaido_tohoku.csv
酪農学園大学,https://www.rakuno.ac.jp/,私立大学,private_universities_hokkaido_tohoku.csv
北海道医療大学,https://www.hoku-iryo-u.ac.jp/,私立大学,private_universities_hokkaido_tohoku.csv
北海商科大学,https://www.hokkai.ac.jp/,私立大学,private_universities_hokkaido_tohoku.csv
星槎道都大学,https://www.seisadohto.ac.jp/,私立大学,private_universities_hokkaido_tohoku.csv
北海道情報大学,https://www.do-johodai.ac.jp/,私立大学,private_universities_hokkaido_tohoku.csv
札幌国際大学,https://www.siu.ac.jp/,私立大学,private_universities_hokkaido_tohoku.csv
北翔大学,https://www.hokusho-u.ac.jp/,私立大学,private_universities_hokkaido_tohoku.csv
北洋大学,https://hokuyo.ac.jp//,私立大学,private_universities_hokkaido_tohoku.csv
日本赤十字北海道看護大学,https://www.rchokkaido-cn.ac.jp/,私立大学,private_universities_hokkaido_tohoku.csv
北海道文教大学,https://www.do-bunkyodai.ac.jp/,私立大学,private_universities_hokkaido_tohoku.csv
天使大学,https://www.tenshi.ac.jp/,私立大学,private_universities_hokkaido_tohoku.csv
育英館大学,https://www.ikueikan.ac.jp/,私立大学,private_universities_hokkaido_tohoku.csv
札幌大谷大学,https://www.sapporo-otani.ac.jp/,私立大学,private_universities_hokkaido_tohoku.csv
札幌保健医療大学,https://www.sapporo-hokeniryou-u.ac.jp/,私立大学,private_universities_hokkaido_tohoku.csv
日本医療大学,https://www.jhu.ac.jp/,私立大学,private_universities_hokkaido_tohoku.csv
北海道千歳リハビリテーション大学,https://www.chitose-reha.ac.jp/,私立大学,private_universities_hokkaido_tohoku.csv
北海道武蔵女子大学,https://www.hmu.ac.jp/,私立大学,private_universities_hokkaido_tohoku.csv
青森大学,https://www.aomori-u.ac.jp/,私立大学,private_universities_hokkaido_tohoku.csv
柴田学園大学,https://univ.shibata.ac.jp/,私立大学,private_universities_hokkaido_tohoku.csv
弘前学院大学,https://www.hirogaku.ac.jp/,私立大学,private_universities_hokkaido_tohoku.csv
八戸工業大学,https://www.hi-tech.ac.jp/,私立大学,private_universities_hokkaido_tohoku.csv
八戸学院大学,https://www.hachinohe-u.ac.jp/,私立大学,private_universities_hokkaido_tohoku.csv
青森中央学院大学,https://www.aomoricgu.ac.jp/,私立大学,private_universities_hokkaido_tohoku.csv
弘前医療福祉大学,https://www.hirosakiuhw.jp/,私立大学,private_universities_hokkaido_tohoku.csv
岩手医科大学,https://www.iwate-med.ac.jp/,私立大学,private_universities_hokkaido_tohoku.csv
富士大学,http://www.fuji-u.ac.jp/,私立大学,private_universities_hokkaido_tohoku.csv
盛岡大学,https://morioka-u.ac.jp/,私立大学,private_universities_hokkaido_tohoku.csv
岩手保健医療大学,https://www.iwate-uhms.ac.jp/,私立大学,private_universities_hokkaido_tohoku.csv
仙台大学,https://www.sendaidaigaku.jp/,私立大学,private_universities_hokkaido_tohoku.csv
東北学院大学,https://www.tohoku-gakuin.ac.jp/,私立大学,private_universities_hokkaido_tohoku.csv
東北工業大学,https://www.tohtech.ac.jp/,私立大学,private_universities_hokkaido_tohoku.csv
東北福祉大学,https://www.tfu.ac.jp/,私立大学,private_universities_hokkaido_tohoku.csv
東北医科薬科大学,https://www.tohoku-mpu.ac.jp/,私立大学,private_universities_hokkaido_tohoku.csv
東北生活文化大学,https://www.mishima.ac.jp/tsb/,私立大学,private_universities_hokkaido_tohoku.csv
宮城学院女子大学,https://www.mgu.ac.jp/,私立大学,private_universities_hokkaido_tohoku.csv
石巻専修大学,https://www.senshu-u.ac.jp/ishinomaki/,私立大学,private_universities_hokkaido_tohoku.csv
仙台白百合女子大学,https://sendai-shirayuri.ac.jp/,私立大学,private_universities_hokkaido_tohoku.csv
東北文化学園大学,https://www.tbgu.ac.jp/,私立大学,private_universities_hokkaido_tohoku.csv
尚絅学院大学,https://www.shokei.jp/,私立大学,private_universities_hokkaido_tohoku.csv
仙台青葉学院大学,https://seiyogakuin.ac.jp/university/,私立大学,private_universities_hokkaido_tohoku.csv
ノースアジア大学,https://www.nau.ac.jp/,私立大学,private_universities_hokkaido_tohoku.csv
秋田看護福祉大学,https://www.well.ac.jp/,私立大学,private_universities_hokkaido_tohoku.csv
日本赤十字秋田看護大学,https://www.rcakita.ac.jp/,私立大学,private_universities_hokkaido_tohoku.csv
東北芸術工科大学,https://www.tuad.ac.jp/,私立大学,private_universities_hokkaido_tohoku.csv
東北公益文科大学,https://www.koeki-u.ac.jp/,私立大学,private_universities_hokkaido_tohoku.csv
東北文教大学,https://www.t-bunkyo.ac.jp/,私立大学,private_universities_hokkaido_tohoku.csv
電動モビリティシステム専門職大学,https://www.mobility-ac.com/,私立大学,private_universities_hokkaido_tohoku.csv
郡山女子大学,https://www.koriyama-kgc.ac.jp/,私立大学,private_universities_hokkaido_tohoku.csv
奥羽大学,https://www.ohu-u.ac.jp/,私立大学,private_universities_hokkaido_tohoku.csv
医療創生大学,https://www.isu.ac.jp/,私立大学,private_universities_hokkaido_tohoku.csv
東日本国際大学,https://www.shk-ac.jp/,私立大学,private_universities_hokkaido_tohoku.csv
福島学院大学,http://www.fukushima-college.ac.jp/,私立大学,private_universities_hokkaido_tohoku.csv
茨城キリスト教大学,https://www.icc.ac.jp/,私立大学,private_universities_ibaraki_tochigi_gunma.csv
流通経済大学,https://www.rku.ac.jp/,私立大学,private_universities_ibaraki_tochigi_gunma.csv
常磐大学,https://www.tokiwa.ac.jp/,私立大学,private_universities_ibaraki_tochigi_gunma.csv
つくば国際大学,https://www.ktt.ac.jp/tiu/,私立大学,private_universities_ibaraki_tochigi_gunma.csv
日本国際学園大学,https://www.japan-iu.ac.jp/,私立大学,private_universities_ibaraki_tochigi_gunma.csv
日本ウェルネススポーツ大学,https://www.nihonwellness.jp/,私立大学,private_universities_ibaraki_tochigi_gunma.csv
アール医療専門職大学,https://a-ru.ac.jp/university/,私立大学,private_universities_ibaraki_tochigi_gunma.csv
足利大学,https://www.ashitech.ac.jp/,私立大学,private_universities_ibaraki_tochigi_gunma.csv
白鴎大学,https://hakuoh.jp/,私立大学,private_universities_ibaraki_tochigi_gunma.csv
作新学院大学,https://www.sakushin-u.ac.jp/,私立大学,private_universities_ibaraki_tochigi_gunma.csv
国際医療福祉大学,https://www.iuhw.ac.jp/,私立大学,private_universities_ibaraki_tochigi_gunma.csv
宇都宮共和大学,http://www.kyowa-u.ac.jp/,私立大学,private_universities_ibaraki_tochigi_gunma.csv
文星芸術大学,https://geidai.bunsei.ac.jp/,私立大学,private_universities_ibaraki_tochigi_gunma.csv
自治医科大学,https://www.jichi.ac.jp/,私立大学,private_universities_ibaraki_tochigi_gunma.csv
獨協医科大学,https://www.dokkyomed.ac.jp/,私立大学,private_universities_ibaraki_tochigi_gunma.csv
育英大学,https://www.ikuei-g.ac.jp/university/,私立大学,private_universities_ibaraki_tochigi_gunma.csv
桐生大学,https://www.kiryu-u.ac.jp/,私立大学,private_universities_ibaraki_tochigi_gunma.csv
群馬パース大学,https://www.paz.ac.jp/,私立大学,private_universities_ibaraki_tochigi_gunma.csv
群馬医療福祉大学,https://www.shoken-gakuen.jp/university/,私立大学,private_universities_ibaraki_tochigi_gunma.csv
高崎健康福祉大学,https://www.takasaki-u.ac.jp/,私立大学,private_universities_ibaraki_tochigi_gunma.csv
高崎商科大学,https://www.tuc.ac.jp/,私立大学,private_universities_ibaraki_tochigi_gunma.csv
上武大学,https://www.jobu.ac.jp/,私立大学,private_universities_ibaraki_tochigi_gunma.csv
関東学園大学,https://www.kanto-gakuen.ac.jp/univer2/,私立大学,private_universities_ibaraki_tochigi_gunma.csv
共愛学園前橋国際大学,https://www.kyoai.ac.jp/,私立大学,private_universities_ibaraki_tochigi_gunma.csv
東京福祉大学,https://www.tokyo-fukushi.ac.jp/,私立大学,private_universities_ibaraki_tochigi_gunma.csv
成安造形大学,https://www.seian.ac.jp/,私立大学,private_universities_kinki.csv
聖泉大学,https://www.seisen.ac.jp/,私立大学,private_universities_kinki.csv
長浜バイオ大学,https://www.nagahama-i-bio.ac.jp/,私立大学,private_universities_kinki.csv
びわこ成蹊スポーツ大学,https://biwako-seikei.jp/,私立大学,private_universities_kinki.csv
びわこ学院大学,https://www.biwakogakuin.ac.jp/,私立大学,private_universities_kinki.csv
びわこリハビリテーション専門職大学,https://aino.ac.jp/professional/,私立大学,private_universities_kinki.csv
平安女学院大学,http://www.heian.ac.jp/,私立大学,private_universities_kinki.csv
大谷大学,https://www.otani.ac.jp/,私立大学,private_universities_kinki.csv
京都外国語大学,https://www.kufs.ac.jp/,私立大学,private_universities_kinki.csv
京都産業大学,https://www.kyoto-su.ac.jp/,私立大学,private_universities_kinki.csv
京都女子大学,https://www.kyoto-wu.ac.jp/,私立大学,private_universities_kinki.csv
京都薬科大学,https://www.kyoto-phu.ac.jp/,私立大学,private_universities_kinki.csv
京都光華女子大学,https://www.koka.ac.jp/,私立大学,private_universities_kinki.csv
種智院大学,http://www.shuchiin.ac.jp/,私立大学,private_universities_kinki.csv
京都橘大学,https://www.tachibana-u.ac.jp/,私立大学,private_universities_kinki.csv
同志社大学,https://www.doshisha.ac.jp/,私立大学,private_universities_kinki.csv
同志社女子大学,https://www.dwc.doshisha.ac.jp/,私立大学,private_universities_kinki.csv
京都ノートルダム女子大学,https://www.notredame.ac.jp/,私立大学,private_universities_kinki.csv
花園大学,https://www.hanazono.ac.jp/,私立大学,private_universities_kinki.csv
佛教大学,https://www.bukkyo-u.ac.jp/,私立大学,private_universities_kinki.csv
立命館大学,https://www.ritsumei.ac.jp/,私立大学,private_universities_kinki.csv
龍谷大学,https://www.ryukoku.ac.jp/,私立大学,private_universities_kinki.csv
京都先端科学大学,https://www.kuas.ac.jp/,私立大学,private_universities_kinki.csv
京都精華大学,https://www.kyoto-seika.ac.jp/,私立大学,private_universities_kinki.csv
明治国際医療大学,https://www.meiji-u.ac.jp/,私立大学,private_universities_kinki.csv
京都芸術大学,https://www.kyoto-art.ac.jp/,私立大学,private_universities_kinki.csv
京都文教大学,https://www.kbu.ac.jp/kbu/,私立大学,private_universities_kinki.csv
嵯峨美術大学,https://www.kyoto-saga.ac.jp/,私立大学,private_universities_kinki.csv
京都情報大学院大学,https://www.kcg.edu/,私立大学,private_universities_kinki.csv
京都医療科学大学,https://www.kyoto-msc.jp/,私立大学,private_universities_kinki.csv
京都華頂大学,https://www.kyotokacho-u.ac.jp/,私立大学,private_universities_kinki.csv
京都美術工芸大学,https://www.kyobi.ac.jp/,私立大学,private_universities_kinki.csv
京都看護大学,https://www.kyotokango.ac.jp/index.php,私立大学,private_universities_kinki.csv
大阪経済大学,https://www.osaka-ue.ac.jp/,私立大学,private_universities_kinki.csv
大阪工業大学,https://www.oit.ac.jp/,私立大学,private_universities_kinki.csv
大阪歯科大学,https://www.osaka-dent.ac.jp/,私立大学,private_universities_kinki.csv
相愛大学,https://www.soai.ac.jp/,私立大学,private_universities_kinki.csv
桃山学院大学,https://www.andrew.ac.jp/,私立大学,private_universities_kinki.csv
摂南大学,https://www.setsunan.ac.jp/,私立大学,private_universities_kinki.csv
桃山学院教育大学,https://www.andrew-edu.ac.jp/,私立大学,private_universities_kinki.csv
大阪医科薬科大学,https://www.omp.ac.jp/,私立大学,private_universities_kinki.csv
大阪音楽大学,https://www.daion.ac.jp/,私立大学,private_universities_kinki.csv
大阪学院大学,https://www.osaka-gu.ac.jp/,私立大学,private_universities_kinki.csv
大阪芸術大学,https://www.osaka-geidai.ac.jp/index.html,私立大学,private_universities_kinki.csv
大阪産業大学,https://www.osaka-sandai.ac.jp/,私立大学,private_universities_kinki.csv
大阪樟蔭女子大学,https://www.osaka-shoin.ac.jp/univ/,私立大学,private_universities_kinki.csv
大阪商業大学,https://ouc.daishodai.ac.jp/,私立大学,private_universities_kinki.csv
大阪体育大学,https://www.ouhs.jp/,私立大学,private_universities_kinki.csv
大阪電気通信大学,https://www.osakac.ac.jp/,私立大学,private_universities_kinki.csv
大阪大谷大学,https://www.osaka-ohtani.ac.jp/,私立大学,private_universities_kinki.csv
追手門学院大学,https://www.otemon.ac.jp/,私立大学,private_universities_kinki.csv
関西大学,https://www.kansai-u.ac.jp/index.html,私立大学,private_universities_kinki.csv
関西医科大学,https://www.kmu.ac.jp/,私立大学,private_universities_kinki.csv
関西外国語大学,https://www.kansaigaidai.ac.jp/,私立大学,private_universities_kinki.csv
近畿大学,https://www.kindai.ac.jp/,私立大学,private_universities_kinki.csv
四天王寺大学,https://www.shitennoji.ac.jp/ibu/,私立大学,private_universities_kinki.csv
帝塚山学院大学,https://www.tezuka-gu.ac.jp/,私立大学,private_universities_kinki.csv
梅花女子大学,https://www.baika.ac.jp/,私立大学,private_universities_kinki.csv
阪南大学,https://www.hannan-u.ac.jp/index.html,私立大学,private_universities_kinki.csv
大阪経済法科大学,https://www.keiho-u.ac.jp/,私立大学,private_universities_kinki.csv
大阪国際大学,https://www.oiu.ac.jp/,私立大学,private_universities_kinki.csv
関西福祉科学大学,https://www.fuksi-kagk-u.ac.jp/,私立大学,private_universities_kinki.csv
太成学院大学,https://www.tgu.ac.jp/,私立大学,private_universities_kinki.csv
常磐会学園大学,https://www.sftokiwakai.ac.jp/,私立大学,private_universities_kinki.csv
大阪観光大学,https://www.tourism.ac.jp/index.html,私立大学,private_universities_kinki.csv
大阪人間科学大学,https://www.ohs.ac.jp/,私立大学,private_universities_kinki.csv
羽衣国際大学,https://www.hagoromo.ac.jp/,私立大学,private_universities_kinki.csv
大阪成蹊大学,https://univ.osaka-seikei.jp/,私立大学,private_universities_kinki.csv
関西医療大学,https://www.kansai.ac.jp/,私立大学,private_universities_kinki.csv
千里金蘭大学,https://www.kinran.ac.jp/,私立大学,private_universities_kinki.csv
東大阪大学,https://www.higashiosaka.ac.jp/,私立大学,private_universities_kinki.csv
大阪女学院大学,https://www.wilmina.ac.jp/oj/,私立大学,private_universities_kinki.csv
藍野大学,https://univ.aino.ac.jp/,私立大学,private_universities_kinki.csv
大阪青山大学,https://www.osaka-aoyama.ac.jp/,私立大学,private_universities_kinki.csv
四條畷学園大学,https://un.shijonawate-gakuen.ac.jp/,私立大学,private_universities_kinki.csv
大阪河﨑リハビリテーション大学,https://www.kawasakigakuen.ac.jp/index.html,私立大学,private_universities_kinki.csv
大阪総合保育大学,https://jonan.jp/soho/,私立大学,private_universities_kinki.csv
森ノ宮医療大学,https://www.morinomiya-u.ac.jp/,私立大学,private_universities_kinki.csv
大阪保健医療大学,https://www.ohsu.ac.jp/,私立大学,private_universities_kinki.csv
大阪物療大学,https://www.butsuryo.ac.jp/,私立大学,private_universities_kinki.csv
滋慶医療科学大学,https://www.juhs.ac.jp/,私立大学,private_universities_kinki.csv
大阪行岡医療大学,http://www.yukioka-u.ac.jp/,私立大学,private_universities_kinki.csv
大和大学,https://www.yamato-u.ac.jp/,私立大学,private_universities_kinki.csv
宝塚大学,https://www.takara-univ.ac.jp/,私立大学,private_universities_kinki.csv
大阪国際工科専門職大学,https://www.iput.ac.jp/osaka,私立大学,private_universities_kinki.csv
大阪信愛学院大学,https://www.osgu.ac.jp/,私立大学,private_universities_kinki.csv
甲南大学,https://www.konan-u.ac.jp/,私立大学,private_universities_kinki.csv
甲南女子大学,https://www.konan-wu.ac.jp/,私立大学,private_universities_kinki.csv
神戸海星女子学院大学,https://www.kaisei.ac.jp/,私立大学,private_universities_kinki.csv
神戸学院大学,https://www.kobegakuin.ac.jp/,私立大学,private_universities_kinki.csv
神戸女子大学,https://www.yg.kobe-wu.ac.jp/wu/index.html,私立大学,private_universities_kinki.csv
神戸薬科大学,https://www.kobepharma-u.ac.jp/,私立大学,private_universities_kinki.csv
神戸松蔭女子学院大学,https://www.shoin.ac.jp/,私立大学,private_universities_kinki.csv
神戸親和大学,https://www.kobe-shinwa.ac.jp/,私立大学,private_universities_kinki.csv
神戸国際大学,https://www.kobe-kiu.ac.jp/,私立大学,private_universities_kinki.csv
兵庫大学,https://www.hyogo-dai.ac.jp/,私立大学,private_universities_kinki.csv
神戸常盤大学,https://www.kobe-tokiwa.ac.jp/univ/,私立大学,private_universities_kinki.csv
宝塚医療大学,https://www.tumh.ac.jp/,私立大学,private_universities_kinki.csv
芦屋大学,https://www.ashiya-u.ac.jp/,私立大学,private_universities_kinki.csv
大手前大学,https://www.otemae.ac.jp/,私立大学,private_universities_kinki.csv
関西学院大学,https://www.kwansei.ac.jp/,私立大学,private_universities_kinki.csv
甲子園大学,https://www.koshien.ac.jp/,私立大学,private_universities_kinki.csv
神戸女学院大学,https://www.kobe-c.ac.jp/,私立大学,private_universities_kinki.csv
園田学園女子大学,https://www.sonoda-u.ac.jp/,私立大学,private_universities_kinki.csv
武庫川女子大学,https://www.mukogawa-u.ac.jp/,私立大学,private_universities_kinki.csv
兵庫医科大学,https://www.hyo-med.ac.jp/,私立大学,private_universities_kinki.csv
姫路獨協大学,https://www.himeji-du.ac.jp/,私立大学,private_universities_kinki.csv
流通科学大学,https://www.umds.ac.jp/,私立大学,private_universities_kinki.csv
神戸芸術工科大学,https://www.kobe-du.ac.jp/,私立大学,private_universities_kinki.csv
関西福祉大学,https://www.kusw.ac.jp/,私立大学,private_universities_kinki.csv
関西国際大学,https://www.kuins.ac.jp/,私立大学,private_universities_kinki.csv
神戸医療未来大学,https://www.kinwu.ac.jp/,私立大学,private_universities_kinki.csv
神戸情報大学院大学,https://www.kic.ac.jp/,私立大学,private_universities_kinki.csv
関西看護医療大学,https://www.kki.ac.jp/,私立大学,private_universities_kinki.csv
姫路大学,https://koutoku.ac.jp/himeji/,私立大学,private_universities_kinki.csv
帝塚山大学,https://www.tezukayama-u.ac.jp/,私立大学,private_universities_kinki.csv
天理大学,https://www.tenri-u.ac.jp/,私立大学,private_universities_kinki.csv
奈良大学,https://www.nara-u.ac.jp/,私立大学,private_universities_kinki.csv
奈良学園大学,https://www.naragakuen-u.jp/,私立大学,private_universities_kinki.csv
畿央大学,https://www.kio.ac.jp/,私立大学,private_universities_kinki.csv
高野山大学,https://www.koyasan-u.ac.jp/,私立大学,private_universities_kinki.csv
和歌山信愛大学,https://www.wsu.ac.jp/,私立大学,private_universities_kinki.csv
和歌山リハビリテーション専門職大学,https://wakayama.kyowa.ac.jp/,私立大学,private_universities_kinki.csv
長岡大学（※長岡大学ウェブサイトへリンク）,https://www.nagaokauniv.ac.jp/,私立大学,private_universities_koshinetsu.csv
新潟医療福祉大学（※新潟医療福祉大学ウェブサイトへリンク）,https://www.nuhw.ac.jp/,私立大学,private_universities_koshinetsu.csv
新潟青陵大学（※新潟青陵大学ウェブサイトへリンク）,https://www.n-seiryo.ac.jp/,私立大学,private_universities_koshinetsu.csv
新潟工科大学（※新潟工科大学ウェブサイトへリンク）,https://www.niit.ac.jp/,私立大学,private_universities_koshinetsu.csv
新潟経営大学（※新潟経営大学ウェブサイトへリンク）,https://www.niigataum.ac.jp/,私立大学,private_universities_koshinetsu.csv
新潟国際情報大学（※新潟国際情報大学ウェブサイトへリンク）,https://www.nuis.ac.jp/,私立大学,private_universities_koshinetsu.csv
敬和学園大学（※敬和学園大学ウェブサイトへリンク）,https://www.keiwa-c.ac.jp/,私立大学,private_universities_koshinetsu.csv
新潟薬科大学（※新潟薬科大学ウェブサイトへリンク）,https://www.nupals.ac.jp/,私立大学,private_universities_koshinetsu.csv
国際大学（※国際大学ウェブサイトへリンク）,https://www.iuj.ac.jp/jp/,私立大学,private_universities_koshinetsu.csv
新潟産業大学（※新潟産業大学ウェブサイトへリンク）,https://www.nsu.ac.jp/,私立大学,private_universities_koshinetsu.csv
事業創造大学院大学（※事業創造大学院大学ウェブサイトへリンク）,https://www.jigyo.ac.jp/,私立大学,private_universities_koshinetsu.csv
新潟リハビリテーション大学（※新潟リハビリテーション大学ウェブサイトへリンク）,https://nur.ac.jp/,私立大学,private_universities_koshinetsu.csv
新潟食料農業大学（※新潟食料農業大学ウェブサイトへリンク）,https://nafu.ac.jp/,私立大学,private_universities_koshinetsu.csv
開志専門職大学（※開志専門職大学ウェブサイトへリンク）,https://kaishi-pu.ac.jp/,私立大学,private_universities_koshinetsu.csv
長岡崇徳大学（※長岡崇徳大学ウェブサイトへリンク）,https://sutoku-u.ac.jp/,私立大学,private_universities_koshinetsu.csv
山梨学院大学（※山梨学院大学ウェブサイトへリンク）,https://www.ygu.ac.jp/,私立大学,private_universities_koshinetsu.csv
身延山大学（※身延山大学ウェブサイトへリンク）,https://www.min.ac.jp/,私立大学,private_universities_koshinetsu.csv
山梨英和大学（※山梨英和大学ウェブサイトへリンク）,https://www.yamanashi-eiwa.ac.jp/,私立大学,private_universities_koshinetsu.csv
健康科学大学（※健康科学大学ウェブサイトへリンク）,https://www.kenkoudai.ac.jp/,私立大学,private_universities_koshinetsu.csv
松本歯科大学（※松本歯科大学ウェブサイトへリンク）,https://www.mdu.ac.jp/,私立大学,private_universities_koshinetsu.csv
松本大学（※松本大学ウェブサイトへリンク）,https://www.matsumoto-u.ac.jp/,私立大学,private_universities_koshinetsu.csv
清泉女学院大学（※清泉女学院大学ウェブサイトへリンク）,https://www.seisen-jc.ac.jp/,私立大学,private_universities_koshinetsu.csv
佐久大学（※佐久大学ウェブサイトへリンク）,https://www.saku.ac.jp/,私立大学,private_universities_koshinetsu.csv
長野保健医療大学（※長野保健医療大学ウェブサイトへリンク）,https://shitoku.ac.jp/,私立大学,private_universities_koshinetsu.csv
松本看護大学（※松本看護大学ウェブサイトへリンク）,https://www.matsutan.jp/nursing,私立大学,private_universities_koshinetsu.csv
九州共立大学,https://www.kyukyo-u.ac.jp/,私立大学,private_universities_kyushu_okinawa.csv
九州女子大学,https://www.kwuc.ac.jp/,私立大学,private_universities_kyushu_okinawa.csv
九州国際大学,https://www.kiu.ac.jp/,私立大学,private_universities_kyushu_okinawa.csv
福岡歯科大学,https://www.fdcnet.ac.jp/col/index.php,私立大学,private_universities_kyushu_okinawa.csv
九州産業大学,https://www.kyusan-u.ac.jp/,私立大学,private_universities_kyushu_okinawa.csv
久留米大学,https://www.kurume-u.ac.jp/,私立大学,private_universities_kyushu_okinawa.csv
西南学院大学,https://www.seinan-gu.ac.jp/,私立大学,private_universities_kyushu_okinawa.csv
第一薬科大学,https://www.daiichi-cps.ac.jp/,私立大学,private_universities_kyushu_okinawa.csv
中村学園大学,https://www.nakamura-u.ac.jp/,私立大学,private_universities_kyushu_okinawa.csv
西日本工業大学,https://www3.nishitech.ac.jp/,私立大学,private_universities_kyushu_okinawa.csv
福岡大学,https://www.fukuoka-u.ac.jp/,私立大学,private_universities_kyushu_okinawa.csv
福岡工業大学,https://www.fit.ac.jp/,私立大学,private_universities_kyushu_okinawa.csv
日本経済大学,https://www.jue.ac.jp/,私立大学,private_universities_kyushu_okinawa.csv
久留米工業大学,https://www.kurume-it.ac.jp/,私立大学,private_universities_kyushu_okinawa.csv
産業医科大学,https://www.uoeh-u.ac.jp/index.html,私立大学,private_universities_kyushu_okinawa.csv
筑紫女学園大学,https://www.chikushi-u.ac.jp/,私立大学,private_universities_kyushu_okinawa.csv
福岡女学院大学,https://www.fukujo.ac.jp/,私立大学,private_universities_kyushu_okinawa.csv
西南女学院大学,https://www.seinan-jo.ac.jp/,私立大学,private_universities_kyushu_okinawa.csv
九州情報大学,https://www.kiis.ac.jp/,私立大学,private_universities_kyushu_okinawa.csv
九州栄養福祉大学,https://www.knwu.ac.jp/,私立大学,private_universities_kyushu_okinawa.csv
日本赤十字九州国際看護大学,https://www.jrckicn.ac.jp/,私立大学,private_universities_kyushu_okinawa.csv
聖マリア学院大学,https://www.st-mary.ac.jp/,私立大学,private_universities_kyushu_okinawa.csv
サイバー大学,https://www.cyber-u.ac.jp/,私立大学,private_universities_kyushu_okinawa.csv
福岡女学院看護大学,https://www.fukujo.ac.jp/ns/,私立大学,private_universities_kyushu_okinawa.csv
純真学園大学,https://www.junshin-u.ac.jp/,私立大学,private_universities_kyushu_okinawa.csv
福岡看護大学,https://www.fdcnet.ac.jp/ncol/index.php,私立大学,private_universities_kyushu_okinawa.csv
福岡国際医療福祉大学,https://fiuhw.takagigakuen.ac.jp/,私立大学,private_universities_kyushu_okinawa.csv
令和健康科学大学,https://www.rhs-u.ac.jp/,私立大学,private_universities_kyushu_okinawa.csv
西九州大学,https://www.nisikyu-u.ac.jp/,私立大学,private_universities_kyushu_okinawa.csv
長崎総合科学大学,https://www.nias.ac.jp/,私立大学,private_universities_kyushu_okinawa.csv
活水女子大学,https://www.kwassui.ac.jp/university/,私立大学,private_universities_kyushu_okinawa.csv
長崎純心大学,https://www.n-junshin.ac.jp/univ/,私立大学,private_universities_kyushu_okinawa.csv
長崎国際大学,https://www1.niu.ac.jp/,私立大学,private_universities_kyushu_okinawa.csv
長崎外国語大学,https://www.nagasaki-gaigo.ac.jp/,私立大学,private_universities_kyushu_okinawa.csv
鎮西学院大学,https://www.wesleyan.ac.jp/,私立大学,private_universities_kyushu_okinawa.csv
崇城大学,https://www.sojo-u.ac.jp/top.html,私立大学,private_universities_kyushu_okinawa.csv
熊本学園大学,https://www.kumagaku.ac.jp/,私立大学,private_universities_kyushu_okinawa.csv
尚絅大学,https://www.shokei-gakuen.ac.jp/univ/,私立大学,private_universities_kyushu_okinawa.csv
九州ルーテル学院大学,https://www.klc.ac.jp/,私立大学,private_universities_kyushu_okinawa.csv
九州看護福祉大学,https://www.kyushu-ns.ac.jp/,私立大学,private_universities_kyushu_okinawa.csv
平成音楽大学,https://www.heisei-music.ac.jp/,私立大学,private_universities_kyushu_okinawa.csv
熊本保健科学大学,https://www.kumamoto-hsu.ac.jp/,私立大学,private_universities_kyushu_okinawa.csv
日本文理大学,https://www.nbu.ac.jp/,私立大学,private_universities_kyushu_okinawa.csv
別府大学,https://www.beppu-u.ac.jp/,私立大学,private_universities_kyushu_okinawa.csv
立命館アジア太平洋大学,https://www.apu.ac.jp/home/,私立大学,private_universities_kyushu_okinawa.csv
南九州大学,https://www.nankyudai.ac.jp/index.html,私立大学,private_universities_kyushu_okinawa.csv
宮崎産業経営大学,https://www.miyasankei-u.ac.jp/,私立大学,private_universities_kyushu_okinawa.csv
宮崎国際大学,https://www.mic.ac.jp/,私立大学,private_universities_kyushu_okinawa.csv
九州医療科学大学,https://www.phoenix.ac.jp/,私立大学,private_universities_kyushu_okinawa.csv
鹿児島国際大学,https://www.iuk.ac.jp/,私立大学,private_universities_kyushu_okinawa.csv
第一工科大学,https://www.daiichi-koudai.ac.jp/,私立大学,private_universities_kyushu_okinawa.csv
志學館大学,https://www.shigakukan.ac.jp/,私立大学,private_universities_kyushu_okinawa.csv
鹿児島純心大学,https://www.k-junshin.ac.jp/jundai/,私立大学,private_universities_kyushu_okinawa.csv
沖縄科学技術大学院大学,https://www.oist.jp/ja,私立大学,private_universities_kyushu_okinawa.csv
沖縄国際大学,https://www.okiu.ac.jp/,私立大学,private_universities_kyushu_okinawa.csv
沖縄大学,https://www.okinawa-u.ac.jp/,私立大学,private_universities_kyushu_okinawa.csv
沖縄キリスト教学院大学,https://www.ocjc.ac.jp/,私立大学,private_universities_kyushu_okinawa.csv
日本医療科学大学,https://www.nims.ac.jp/,私立大学,private_universities_saitama_chiba_kanagawa.csv
日本薬科大学,https://www.nichiyaku.ac.jp/,私立大学,private_universities_saitama_chiba_kanagawa.csv
武蔵野学院大学,https://www.musashino.ac.jp/mgu/,私立大学,private_universities_saitama_chiba_kanagawa.csv
浦和大学,https://www.urawa.ac.jp/,私立大学,private_universities_saitama_chiba_kanagawa.csv
ものつくり大学,https://www.iot.ac.jp/,私立大学,private_universities_saitama_chiba_kanagawa.csv
共栄大学,https://www.kyoei.ac.jp/,私立大学,private_universities_saitama_chiba_kanagawa.csv
埼玉学園大学,https://www.saigaku.ac.jp/,私立大学,private_universities_saitama_chiba_kanagawa.csv
尚美学園大学,https://www.shobi-u.ac.jp/,私立大学,private_universities_saitama_chiba_kanagawa.csv
人間総合科学大学,https://www.human.ac.jp/,私立大学,private_universities_saitama_chiba_kanagawa.csv
西武文理大学,https://www.bunri-c.ac.jp/,私立大学,private_universities_saitama_chiba_kanagawa.csv
十文字学園女子大学,https://www.jumonji-u.ac.jp/,私立大学,private_universities_saitama_chiba_kanagawa.csv
平成国際大学,http://www.hiu.ac.jp/,私立大学,private_universities_saitama_chiba_kanagawa.csv
東京国際大学,https://www.tiu.ac.jp/,私立大学,private_universities_saitama_chiba_kanagawa.csv
城西大学,https://www.josai.ac.jp/,私立大学,private_universities_saitama_chiba_kanagawa.csv
東邦音楽大学,https://www.toho-music.ac.jp/,私立大学,private_universities_saitama_chiba_kanagawa.csv
獨協大学,https://www.dokkyo.ac.jp/,私立大学,private_universities_saitama_chiba_kanagawa.csv
日本工業大学,https://www.nit.ac.jp/,私立大学,private_universities_saitama_chiba_kanagawa.csv
明海大学,https://www.meikai.ac.jp/,私立大学,private_universities_saitama_chiba_kanagawa.csv
埼玉医科大学,https://www.saitama-med.ac.jp/,私立大学,private_universities_saitama_chiba_kanagawa.csv
埼玉工業大学,https://www.sit.ac.jp/,私立大学,private_universities_saitama_chiba_kanagawa.csv
駿河台大学,https://www.surugadai.ac.jp/,私立大学,private_universities_saitama_chiba_kanagawa.csv
聖学院大学,https://www.seigakuin.jp/,私立大学,private_universities_saitama_chiba_kanagawa.csv
女子栄養大学,https://www.eiyo.ac.jp/,私立大学,private_universities_saitama_chiba_kanagawa.csv
東都大学,https://www.tohto.ac.jp/,私立大学,private_universities_saitama_chiba_kanagawa.csv
日本保健医療大学,https://www.jhsu.ac.jp/,私立大学,private_universities_saitama_chiba_kanagawa.csv
文教大学,https://www.bunkyo.ac.jp/,私立大学,private_universities_saitama_chiba_kanagawa.csv
放送大学,https://www.ouj.ac.jp/,私立大学,private_universities_saitama_chiba_kanagawa.csv
千葉科学大学,https://www.cis.ac.jp/,私立大学,private_universities_saitama_chiba_kanagawa.csv
愛国学園大学,https://aikoku-u.ac.jp/,私立大学,private_universities_saitama_chiba_kanagawa.csv
開智国際大学,https://www.kaichi.ac.jp/,私立大学,private_universities_saitama_chiba_kanagawa.csv
清和大学,http://www.seiwa-univ.ac.jp/,私立大学,private_universities_saitama_chiba_kanagawa.csv
城西国際大学,https://www.jiu.ac.jp/,私立大学,private_universities_saitama_chiba_kanagawa.csv
淑徳大学,https://www.shukutoku.ac.jp/,私立大学,private_universities_saitama_chiba_kanagawa.csv
敬愛大学,https://www.u-keiai.ac.jp/,私立大学,private_universities_saitama_chiba_kanagawa.csv
千葉工業大学,https://www.it-chiba.ac.jp/,私立大学,private_universities_saitama_chiba_kanagawa.csv
千葉商科大学,https://www.cuc.ac.jp/,私立大学,private_universities_saitama_chiba_kanagawa.csv
中央学院大学,https://www.cgu.ac.jp/,私立大学,private_universities_saitama_chiba_kanagawa.csv
麗澤大学,https://www.reitaku-u.ac.jp/,私立大学,private_universities_saitama_chiba_kanagawa.csv
和洋女子大学,https://www.wayo.ac.jp/,私立大学,private_universities_saitama_chiba_kanagawa.csv
国際武道大学,https://www.budo-u.ac.jp/,私立大学,private_universities_saitama_chiba_kanagawa.csv
神田外語大学,https://www.kandagaigo.ac.jp/kuis/,私立大学,private_universities_saitama_chiba_kanagawa.csv
千葉経済大学,https://www.cku.ac.jp/,私立大学,private_universities_saitama_chiba_kanagawa.csv
秀明大学,https://www.shumei-u.ac.jp/,私立大学,private_universities_saitama_chiba_kanagawa.csv
川村学園女子大学,https://www.kgwu.ac.jp/,私立大学,private_universities_saitama_chiba_kanagawa.csv
東京情報大学,https://www.tuis.ac.jp/,私立大学,private_universities_saitama_chiba_kanagawa.csv
東京基督教大学,https://www.tci.ac.jp/,私立大学,private_universities_saitama_chiba_kanagawa.csv
聖徳大学,https://www.seitoku-u.ac.jp/,私立大学,private_universities_saitama_chiba_kanagawa.csv
江戸川大学,https://www.edogawa-u.ac.jp/,私立大学,private_universities_saitama_chiba_kanagawa.csv
SBC東京医療大学,https://www.sbctmu.ac.jp/,私立大学,private_universities_saitama_chiba_kanagawa.csv
植草学園大学,https://www.uekusa.ac.jp/,私立大学,private_universities_saitama_chiba_kanagawa.csv
三育学院大学,https://www.saniku.ac.jp/,私立大学,private_universities_saitama_chiba_kanagawa.csv
亀田医療大学,http://www.kameda.ac.jp/,私立大学,private_universities_saitama_chiba_kanagawa.csv
星槎大学,https://www.seisa.ac.jp/,私立大学,private_universities_saitama_chiba_kanagawa.csv
神奈川大学,https://www.kanagawa-u.ac.jp/,私立大学,private_universities_saitama_chiba_kanagawa.csv
関東学院大学,https://univ.kanto-gakuin.ac.jp/,私立大学,private_universities_saitama_chiba_kanagawa.csv
鶴見大学,https://www.tsurumi-u.ac.jp/,私立大学,private_universities_saitama_chiba_kanagawa.csv
フェリス女学院大学,https://www.ferris.ac.jp/,私立大学,private_universities_saitama_chiba_kanagawa.csv
横浜商科大学,https://www.shodai.ac.jp/,私立大学,private_universities_saitama_chiba_kanagawa.csv
八洲学園大学,https://www.yashima.ac.jp/univ/,私立大学,private_universities_saitama_chiba_kanagawa.csv
情報セキュリティ大学院大学,https://www.iisec.ac.jp/,私立大学,private_universities_saitama_chiba_kanagawa.csv
横浜薬科大学,https://www.hamayaku.ac.jp/,私立大学,private_universities_saitama_chiba_kanagawa.csv
麻布大学,https://www.azabu-u.ac.jp/,私立大学,private_universities_saitama_chiba_kanagawa.csv
神奈川歯科大学,https://www.kdu.ac.jp/,私立大学,private_universities_saitama_chiba_kanagawa.csv
鎌倉女子大学,https://www.kamakura-u.ac.jp/,私立大学,private_universities_saitama_chiba_kanagawa.csv
湘南工科大学,https://www.shonan-it.ac.jp/,私立大学,private_universities_saitama_chiba_kanagawa.csv
相模女子大学,https://www.sagami-wu.ac.jp/,私立大学,private_universities_saitama_chiba_kanagawa.csv
洗足学園音楽大学,https://www.senzoku.ac.jp/music/,私立大学,private_universities_saitama_chiba_kanagawa.csv
聖マリアンナ医科大学,https://www.marianna-u.ac.jp/,私立大学,private_universities_saitama_chiba_kanagawa.csv
神奈川工科大学,https://www.kait.jp/,私立大学,private_universities_saitama_chiba_kanagawa.csv
昭和音楽大学,https://www.tosei-showa-music.ac.jp/,私立大学,private_universities_saitama_chiba_kanagawa.csv
桐蔭横浜大学,https://toin.ac.jp/univ/,私立大学,private_universities_saitama_chiba_kanagawa.csv
東洋英和女学院大学,https://www.toyoeiwa.ac.jp/daigaku/,私立大学,private_universities_saitama_chiba_kanagawa.csv
松蔭大学,https://www.shoin-u.ac.jp/,私立大学,private_universities_saitama_chiba_kanagawa.csv
田園調布学園大学,https://www.dcu.ac.jp/,私立大学,private_universities_saitama_chiba_kanagawa.csv
横浜美術大学,https://www.yokohama-art.ac.jp/,私立大学,private_universities_saitama_chiba_kanagawa.csv
日本映画大学,https://www.eiga.ac.jp/,私立大学,private_universities_saitama_chiba_kanagawa.csv
横浜創英大学,http://www.soei.ac.jp/,私立大学,private_universities_saitama_chiba_kanagawa.csv
湘南医療大学,https://sums.ac.jp/,私立大学,private_universities_saitama_chiba_kanagawa.csv
湘南鎌倉医療大学,https://www.sku.ac.jp/,私立大学,private_universities_saitama_chiba_kanagawa.csv
ビューティ＆ウェルネス専門職大学,https://www.b-w.ac.jp/,私立大学,private_universities_saitama_chiba_kanagawa.csv
グローバルBiz専門職大学,https://gpu.ac.jp/,私立大学,private_universities_saitama_chiba_kanagawa.csv
跡見学園女子大学,https://www.atomi.ac.jp/univ/,私立大学,private_universities_tokyo.csv
文京学院大学,https://www.bgu.ac.jp/,私立大学,private_universities_tokyo.csv
目白大学,https://www.mejiro.ac.jp/,私立大学,private_universities_tokyo.csv
東京成徳大学,https://www.tsu.ac.jp/,私立大学,private_universities_tokyo.csv
東洋学園大学,https://www.tyg.jp/,私立大学,private_universities_tokyo.csv
帝京平成大学,https://www.thu.ac.jp/,私立大学,private_universities_tokyo.csv
青山学院大学,https://www.aoyama.ac.jp/,私立大学,private_universities_tokyo.csv
大妻女子大学,https://www.otsuma.ac.jp/,私立大学,private_universities_tokyo.csv
学習院大学,https://www.univ.gakushuin.ac.jp/,私立大学,private_universities_tokyo.csv
北里大学,https://www.kitasato-u.ac.jp/jp/index.html,私立大学,private_universities_tokyo.csv
共立女子大学,https://www.kyoritsu-wu.ac.jp/,私立大学,private_universities_tokyo.csv
慶應義塾大学,https://www.keio.ac.jp/ja/,私立大学,private_universities_tokyo.csv
工学院大学,https://www.kogakuin.ac.jp/,私立大学,private_universities_tokyo.csv
國學院大學,https://www.kokugakuin.ac.jp/,私立大学,private_universities_tokyo.csv
国士舘大学,https://www.kokushikan.ac.jp/,私立大学,private_universities_tokyo.csv
駒澤大学,https://www.komazawa-u.ac.jp/,私立大学,private_universities_tokyo.csv
実践女子大学,https://www.jissen.ac.jp/,私立大学,private_universities_tokyo.csv
芝浦工業大学,https://www.shibaura-it.ac.jp/,私立大学,private_universities_tokyo.csv
順天堂大学,https://www.juntendo.ac.jp/,私立大学,private_universities_tokyo.csv
上智大学,https://www.sophia.ac.jp/jpn/,私立大学,private_universities_tokyo.csv
昭和大学,https://www.showa-u.ac.jp/,私立大学,private_universities_tokyo.csv
昭和女子大学,https://www.swu.ac.jp/,私立大学,private_universities_tokyo.csv
昭和薬科大学,https://www.shoyaku.ac.jp/,私立大学,private_universities_tokyo.csv
女子美術大学,https://www.joshibi.ac.jp/,私立大学,private_universities_tokyo.csv
杉野服飾大学,https://www.sugino-fc.ac.jp/,私立大学,private_universities_tokyo.csv
成城大学,https://www.seijo.ac.jp/,私立大学,private_universities_tokyo.csv
聖心女子大学,https://www.u-sacred-heart.ac.jp/,私立大学,private_universities_tokyo.csv
清泉女子大学,https://www.seisen-u.ac.jp/,私立大学,private_universities_tokyo.csv
聖路加国際大学,https://university.luke.ac.jp/,私立大学,private_universities_tokyo.csv
専修大学,https://www.senshu-u.ac.jp/,私立大学,private_universities_tokyo.csv
大正大学,https://www.tais.ac.jp/,私立大学,private_universities_tokyo.csv
大東文化大学,https://www.daito.ac.jp/,私立大学,private_universities_tokyo.csv
高千穂大学,https://www.takachiho.jp/,私立大学,private_universities_tokyo.csv
拓殖大学,https://www.takushoku-u.ac.jp/,私立大学,private_universities_tokyo.csv
多摩美術大学,https://www.tamabi.ac.jp/index_j.htm,私立大学,private_universities_tokyo.csv
中央大学,https://www.chuo-u.ac.jp/,私立大学,private_universities_tokyo.csv
東海大学,https://www.u-tokai.ac.jp/,私立大学,private_universities_tokyo.csv
東京医科大学,https://www.tokyo-med.ac.jp/,私立大学,private_universities_tokyo.csv
東京家政大学,https://www.tokyo-kasei.ac.jp/,私立大学,private_universities_tokyo.csv
東京家政学院大学,https://www.kasei-gakuin.ac.jp/,私立大学,private_universities_tokyo.csv
東京歯科大学,http://www.ndu.ac.jp/,私立大学,private_universities_tokyo.csv
東京慈恵会医科大学,https://www.jikei.ac.jp/,私立大学,private_universities_tokyo.csv
東京女子大学,https://www.twcu.ac.jp/main/index.html,私立大学,private_universities_tokyo.csv
東京女子医科大学,https://www.twmu.ac.jp/univ/,私立大学,private_universities_tokyo.csv
東京電機大学,https://www.dendai.ac.jp/,私立大学,private_universities_tokyo.csv
東京農業大学,https://www.nodai.ac.jp/,私立大学,private_universities_tokyo.csv
東京薬科大学,https://www.toyaku.ac.jp/,私立大学,private_universities_tokyo.csv
東京理科大学,https://www.tus.ac.jp/,私立大学,private_universities_tokyo.csv
東邦大学,https://www.toho-u.ac.jp/,私立大学,private_universities_tokyo.csv
東洋大学,https://www.toyo.ac.jp/,私立大学,private_universities_tokyo.csv
東京音楽大学,https://www.tokyo-ondai.ac.jp/,私立大学,private_universities_tokyo.csv
二松学舎大学,https://www.nishogakusha-u.ac.jp/,私立大学,private_universities_tokyo.csv
日本大学,https://www.nihon-u.ac.jp/,私立大学,private_universities_tokyo.csv
日本医科大学,https://www.nms.ac.jp/college/,私立大学,private_universities_tokyo.csv
日本歯科大学,https://www.ndu.ac.jp/,私立大学,private_universities_tokyo.csv
日本社会事業大学,https://www.jcsw.ac.jp/,私立大学,private_universities_tokyo.csv
日本女子大学,https://www.jwu.ac.jp/unv/,私立大学,private_universities_tokyo.csv
日本女子体育大学,https://www.jwcpe.ac.jp/,私立大学,private_universities_tokyo.csv
日本体育大学,https://www.nittai.ac.jp/,私立大学,private_universities_tokyo.csv
ルーテル学院大学,https://www.luther.ac.jp/,私立大学,private_universities_tokyo.csv
文化学園大学,https://bwu.bunka.ac.jp/index.php,私立大学,private_universities_tokyo.csv
法政大学,https://www.hosei.ac.jp/,私立大学,private_universities_tokyo.csv
星薬科大学,https://www.hoshi.ac.jp/site/index.php,私立大学,private_universities_tokyo.csv
武蔵大学,https://www.musashi.ac.jp/,私立大学,private_universities_tokyo.csv
東京都市大学,https://www.tcu.ac.jp/,私立大学,private_universities_tokyo.csv
武蔵野音楽大学,https://www.musashino-music.ac.jp/,私立大学,private_universities_tokyo.csv
明治大学,https://www.meiji.ac.jp/,私立大学,private_universities_tokyo.csv
明治学院大学,https://www.meijigakuin.ac.jp/,私立大学,private_universities_tokyo.csv
明治薬科大学,https://www.my-pharm.ac.jp/,私立大学,private_universities_tokyo.csv
立教大学,https://www.rikkyo.ac.jp/,私立大学,private_universities_tokyo.csv
立正大学,https://www.ris.ac.jp/,私立大学,private_universities_tokyo.csv
早稲田大学,https://www.waseda.jp/,私立大学,private_universities_tokyo.csv
国際仏教学大学院大学,https://www.icabs.ac.jp/,私立大学,private_universities_tokyo.csv
学習院女子大学,https://www.gwc.gakushuin.ac.jp/,私立大学,private_universities_tokyo.csv
東京国際工科専門職大学大学,https://www.iput.ac.jp/tokyo,私立大学,private_universities_tokyo.csv
東京保健医療専門職大学,https://www.tpu.ac.jp/,私立大学,private_universities_tokyo.csv
情報経営イノベーション専門職大学,https://www.i-u.ac.jp/,私立大学,private_universities_tokyo.csv
大学院大学至善館,https://shizenkan.ac.jp/,私立大学,private_universities_tokyo.csv
東京通信大学,https://www.internet.ac.jp/,私立大学,private_universities_tokyo.csv
国際ファッション専門職大学,https://www.piif.ac.jp/,私立大学,private_universities_tokyo.csv
駒沢女子大学,https://www.komajo.ac.jp/uni/,私立大学,private_universities_tokyo.csv
亜細亜大学,https://www.asia-u.ac.jp/,私立大学,private_universities_tokyo.csv
桜美林大学,https://www.obirin.ac.jp/,私立大学,private_universities_tokyo.csv
国立音楽大学,https://www.kunitachi.ac.jp/,私立大学,private_universities_tokyo.csv
国際基督教大学,https://www.icu.ac.jp/,私立大学,private_universities_tokyo.csv
白百合女子大学,https://www.shirayuri.ac.jp/,私立大学,private_universities_tokyo.csv
成蹊大学,https://www.seikei.ac.jp/university/,私立大学,private_universities_tokyo.csv
玉川大学,https://www.tamagawa.jp/university/,私立大学,private_universities_tokyo.csv
津田塾大学,https://www.tsuda.ac.jp/,私立大学,private_universities_tokyo.csv
帝京大学,https://www.teikyo-u.ac.jp/index.html,私立大学,private_universities_tokyo.csv
東京経済大学,https://www.tku.ac.jp/,私立大学,private_universities_tokyo.csv
東京女子体育大学,https://www.twcpe.ac.jp/,私立大学,private_universities_tokyo.csv
東京神学大学,https://www.tuts.ac.jp/,私立大学,private_universities_tokyo.csv
東京造形大学,https://www.zokei.ac.jp/,私立大学,private_universities_tokyo.csv
桐朋学園大学,https://www.tohomusic.ac.jp/,私立大学,private_universities_tokyo.csv
日本獣医生命科学大学,https://www.nvlu.ac.jp/,私立大学,private_universities_tokyo.csv
武蔵野大学,https://www.musashino-u.ac.jp/,私立大学,private_universities_tokyo.csv
武蔵野美術大学,https://www.musabi.ac.jp/,私立大学,private_universities_tokyo.csv
明星大学,https://www.meisei-u.ac.jp/,私立大学,private_universities_tokyo.csv
和光大学,https://www.wako.ac.jp/,私立大学,private_universities_tokyo.csv
杏林大学,https://www.kyorin-u.ac.jp/,私立大学,private_universities_tokyo.csv
創価大学,https://www.soka.ac.jp/,私立大学,private_universities_tokyo.csv
日本文化大学,https://www.nihonbunka-u.ac.jp/,私立大学,private_universities_tokyo.csv
東京工科大学,https://www.teu.ac.jp/,私立大学,private_universities_tokyo.csv
日本赤十字看護大学,https://www.redcross.ac.jp/,私立大学,private_universities_tokyo.csv
恵泉女学園大学,https://www.keisen.ac.jp/,私立大学,private_universities_tokyo.csv
多摩大学,https://www.tama.ac.jp/,私立大学,private_universities_tokyo.csv
東京純心大学,https://www.t-junshin.ac.jp/univ/,私立大学,private_universities_tokyo.csv
嘉悦大学,https://www.kaetsu.ac.jp/,私立大学,private_universities_tokyo.csv
東京富士大学,https://www.fuji.ac.jp/,私立大学,private_universities_tokyo.csv
LEC東京リーガルマインド大学院大学,https://www.lec.ac.jp/,私立大学,private_universities_tokyo.csv
デジタルハリウッド大学,https://www.dhw.ac.jp/,私立大学,private_universities_tokyo.csv
白梅学園大学,https://daigaku.shiraume.ac.jp/,私立大学,private_universities_tokyo.csv
東京医療保健大学,https://www.thcu.ac.jp/,私立大学,private_universities_tokyo.csv
東京聖栄大学,https://www.tsc-05.ac.jp/,私立大学,private_universities_tokyo.csv
ビジネス・ブレークスルー大学,https://bbt.ac/,私立大学,private_universities_tokyo.csv
グロービス経営大学院大学,https://mba.globis.ac.jp/,私立大学,private_universities_tokyo.csv
文化ファッション大学院大学,https://bfgu-bunka.ac.jp/,私立大学,private_universities_tokyo.csv
大原大学院大学,https://www.o-hara.ac.jp/grad/,私立大学,private_universities_tokyo.csv
東京未来大学,https://www.tokyomirai.ac.jp/,私立大学,private_universities_tokyo.csv
ハリウッド大学院大学,https://mba.hollywood.ac.jp/,私立大学,private_universities_tokyo.csv
SBI大学院大学,https://www.sbi-u.ac.jp/,私立大学,private_universities_tokyo.csv
こども教育宝仙大学,https://hosen.ac.jp/,私立大学,private_universities_tokyo.csv
東京有明医療大学,https://www.tau.ac.jp/,私立大学,private_universities_tokyo.csv
東京工芸大学,https://www.t-kougei.ac.jp/,私立大学,private_universities_tokyo.csv
産業能率大学,https://www.sanno.ac.jp/,私立大学,private_universities_tokyo.csv
ヤマザキ動物看護大学,https://univ.yamazaki.ac.jp/univ/,私立大学,private_universities_tokyo.csv
東京医療学院大学,https://www.u-ths.ac.jp/,私立大学,private_universities_tokyo.csv
事業構想大学院大学,https://www.mpd.ac.jp/,私立大学,private_universities_tokyo.csv
社会構想大学院大学,https://www.socialdesign.ac.jp/,私立大学,private_universities_tokyo.csv
帝京科学大学,https://www.ntu.ac.jp/,私立大学,private_universities_tokyo.csv
東京情報デザイン専門職大学,https://www.tid.ac.jp/,私立大学,private_universities_tokyo.csv
旭川市立大学短期大学部,http://www.asahikawa-u.ac.jp/,短期大学,public_private_junior_colleges.csv
岩手県立大学宮古短期大学部,http://www-myk.iwate-pu.ac.jp/,短期大学,public_private_junior_colleges.csv
岩手県立大学盛岡短期大学部,http://www-mori.iwate-pu.ac.jp/,短期大学,public_private_junior_colleges.csv
山形県立米沢女子短期大学,http://www.yone.ac.jp/,短期大学,public_private_junior_colleges.csv
会津大学短期大学部,http://www.jc.u-aizu.ac.jp/,短期大学,public_private_junior_colleges.csv
帯広大谷短期大学,http://www.oojc.ac.jp/,短期大学,public_private_junior_colleges.csv
釧路短期大学,http://www.midorigaoka.ac.jp/kushirojc/,短期大学,public_private_junior_colleges.csv
光塩学園女子短期大学,http://www.koen.ac.jp/tandai,短期大学,public_private_junior_colleges.csv
國學院大學北海道短期大学部,http://www.kokugakuin-jc.ac.jp/,短期大学,public_private_junior_colleges.csv
札幌大谷大学短期大学部,http://www.sapporo-otani.ac.jp/,短期大学,public_private_junior_colleges.csv
大月短期大学,http://www.ohtsuki.ac.jp/,短期大学,public_private_junior_colleges.csv
静岡県立農林環境専門職大学短期大学部,https://shizuoka-norin-u.ac.jp/,短期大学,public_private_junior_colleges.csv
茨城女子短期大学,http://www.taisei.ac.jp/jp/iwjc/index.php,短期大学,public_private_junior_colleges.csv
つくば国際短期大学,http://www.ktt.ac.jp/tijc,短期大学,public_private_junior_colleges.csv
常磐短期大学,http://www.tokiwa.ac.jp/,短期大学,public_private_junior_colleges.csv
足利短期大学,http://www.ashikaga.ac.jp/,短期大学,public_private_junior_colleges.csv
宇都宮短期大学,http://www.ujc.ac.jp/,短期大学,public_private_junior_colleges.csv
岐阜市立女子短期大学,http://www.gifu-cwc.ac.jp/,短期大学,public_private_junior_colleges.csv
静岡県立大学短期大学部,http://oshika.u-shizuoka-ken.ac.jp/index.html,短期大学,public_private_junior_colleges.csv
三重短期大学,http://www.tsu-cc.ac.jp/,短期大学,public_private_junior_colleges.csv
富山短期大学,http://www.toyama-c.ac.jp/,短期大学,public_private_junior_colleges.csv
富山福祉短期大学,http://www.t-fukushi.urayama.ac.jp/,短期大学,public_private_junior_colleges.csv
金沢学院短期大学,https://www.kanazawa-gu.ac.jp/college/,短期大学,public_private_junior_colleges.csv
金沢星稜大学女子短期大学部,http://www.seiryo.ac.jp/,短期大学,public_private_junior_colleges.csv
金城大学短期大学部,http://www.kinjo.ac.jp/kjc,短期大学,public_private_junior_colleges.csv
島根県立大学短期大学部,http://www.u-shimane.ac.jp/,短期大学,public_private_junior_colleges.csv
倉敷市立短期大学,http://www.kurashiki-cu.ac.jp/,短期大学,public_private_junior_colleges.csv
鳥取短期大学,http://www.cygnus.ac.jp/,短期大学,public_private_junior_colleges.csv
岡山短期大学,http://www.owc.ac.jp/,短期大学,public_private_junior_colleges.csv
川崎医療短期大学,http://www.kawasaki-m.ac.jp/jc,短期大学,public_private_junior_colleges.csv
作陽短期大学,https://www.ksu.ac.jp/,短期大学,public_private_junior_colleges.csv
山陽学園短期大学,http://www.sguc.ac.jp/,短期大学,public_private_junior_colleges.csv
大分県立芸術文化短期大学,http://www.oita-pjc.ac.jp/,短期大学,public_private_junior_colleges.csv
鹿児島県立短期大学,http://www.k-kentan.ac.jp/,短期大学,public_private_junior_colleges.csv
折尾愛真短期大学,http://www.orioaishin.ac.jp/tandai/,短期大学,public_private_junior_colleges.csv
九州大谷短期大学,http://www.kyushuotani.ac.jp/,短期大学,public_private_junior_colleges.csv
九州産業大学造形短期大学部,http://www.zac.kyusan-u.ac.jp/,短期大学,public_private_junior_colleges.csv
九州女子短期大学,http://www.kwuc.ac.jp/,短期大学,public_private_junior_colleges.csv
近畿大学九州短期大学,http://www.kjc.kindai.ac.jp/,短期大学,public_private_junior_colleges.csv
釧路公立大学,http://www.kushiro-pu.ac.jp/,公立大学,public_universities.csv
公立はこだて未来大学,http://www.fun.ac.jp/,公立大学,public_universities.csv
公立千歳科学技術大学,https://www.chitose.ac.jp/,公立大学,public_universities.csv
札幌市立大学,http://www.scu.ac.jp/,公立大学,public_universities.csv
名寄市立大学,https://www.nayoro.ac.jp/,公立大学,public_universities.csv
札幌医科大学,http://web.sapmed.ac.jp/,公立大学,public_universities.csv
旭川市立大学,https://www.asahikawa-u.ac.jp/,公立大学,public_universities.csv
青森県立保健大学,http://www.auhw.ac.jp/,公立大学,public_universities.csv
青森公立大学,http://www.nebuta.ac.jp/,公立大学,public_universities.csv
岩手県立大学,http://www.iwate-pu.ac.jp/,公立大学,public_universities.csv
宮城大学,http://www.myu.ac.jp/,公立大学,public_universities.csv
秋田県立大学,http://www.akita-pu.ac.jp/,公立大学,public_universities.csv
国際教養大学,http://www.aiu.ac.jp/,公立大学,public_universities.csv
秋田公立美術大学,http://www.akibi.ac.jp/,公立大学,public_universities.csv
山形県立保健医療大学,http://www.yachts.ac.jp/,公立大学,public_universities.csv
山形県立米沢栄養大学,http://www.u.yone.ac.jp/,公立大学,public_universities.csv
東北農林専門職大学,https://tpuaf.ac.jp/university/,公立大学,public_universities.csv
会津大学,http://www.u-aizu.ac.jp/,公立大学,public_universities.csv
福島県立医科大学,http://www.fmu.ac.jp/Welcome-s.html,公立大学,public_universities.csv
茨城県立医療大学,http://www.ipu.ac.jp/,公立大学,public_universities.csv
群馬県立県民健康科学大学,http://www.gchs.ac.jp/,公立大学,public_universities.csv
群馬県立女子大学,http://www.gpwu.ac.jp/,公立大学,public_universities.csv
高崎経済大学,http://www.tcue.ac.jp/,公立大学,public_universities.csv
前橋工科大学,http://www.maebashi-it.ac.jp/,公立大学,public_universities.csv
千葉県立保健医療大学,http://www.pref.chiba.lg.jp/hoidai/,公立大学,public_universities.csv
埼玉県立大学,http://www.spu.ac.jp/,公立大学,public_universities.csv
東京都立大学,http://www.tmu.ac.jp/,公立大学,public_universities.csv
東京都立産業技術大学院大学,http://aiit.ac.jp/,公立大学,public_universities.csv
神奈川県立保健福祉大学,http://www.kuhs.ac.jp/,公立大学,public_universities.csv
横浜市立大学,http://www.yokohama-cu.ac.jp/,公立大学,public_universities.csv
川崎市立看護大学,https://www.kawasaki-cn.ac.jp/,公立大学,public_universities.csv
新潟県立看護大学,http://www.niigata-cn.ac.jp/,公立大学,public_universities.csv
新潟県立大学,http://www.unii.ac.jp/,公立大学,public_universities.csv
三条市立大学,https://www.sanjo-u.ac.jp/,公立大学,public_universities.csv
長岡造形大学,http://www.nagaoka-id.ac.jp/,公立大学,public_universities.csv
都留文科大学,http://www.tsuru.ac.jp/,公立大学,public_universities.csv
山梨県立大学,http://www.yamanashi-ken.ac.jp/,公立大学,public_universities.csv
公立諏訪東京理科大学,https://www.sus.ac.jp/,公立大学,public_universities.csv
長野県看護大学,http://www.nagano-nurs.ac.jp/index.html,公立大学,public_universities.csv
長野県立大学,http://www.u-nagano.ac.jp/,公立大学,public_universities.csv
長野大学,http://www.nagano.ac.jp/,公立大学,public_universities.csv
富山県立大学,http://www.pu-toyama.ac.jp/,公立大学,public_universities.csv
石川県立大学,http://www.ishikawa-pu.ac.jp/,公立大学,public_universities.csv
石川県立看護大学,http://www.ishikawa-nu.ac.jp/,公立大学,public_universities.csv
金沢美術工芸大学,http://www.kanazawa-bidai.ac.jp/,公立大学,public_universities.csv
公立小松大学,https://www.komatsu-u.ac.jp/,公立大学,public_universities.csv
福井県立大学,http://www.fpu.ac.jp/,公立大学,public_universities.csv
敦賀市立看護大学,http://tsuruga-nu.ac.jp/,公立大学,public_universities.csv
岐阜県立看護大学,http://www.gifu-cn.ac.jp/,公立大学,public_universities.csv
岐阜薬科大学,http://www.gifu-pu.ac.jp/,公立大学,public_universities.csv
情報科学芸術大学院大学,https://www.iamas.ac.jp/,公立大学,public_universities.csv
静岡県立大学,http://www.u-shizuoka-ken.ac.jp/,公立大学,public_universities.csv
静岡文化芸術大学,http://www.suac.ac.jp/,公立大学,public_universities.csv
静岡社会健康医学大学院大学,https://s-sph.ac.jp/,公立大学,public_universities.csv
静岡県立農林環境専門職大学,https://shizuoka-norin-u.ac.jp/,公立大学,public_universities.csv
愛知県立大学,http://www.aichi-pu.ac.jp/,公立大学,public_universities.csv
愛知県立芸術大学,http://www.aichi-fam-u.ac.jp/,公立大学,public_universities.csv
名古屋市立大学,http://www.nagoya-cu.ac.jp/,公立大学,public_universities.csv
三重県立看護大学,http://www.mcn.ac.jp/,公立大学,public_universities.csv
滋賀県立大学,https://www.usp.ac.jp/,公立大学,public_universities.csv
京都市立芸術大学,http://www.kcua.ac.jp/,公立大学,public_universities.csv
京都府立大学,http://www.kpu.ac.jp/,公立大学,public_universities.csv
京都府立医科大学,http://www.kpu-m.ac.jp/,公立大学,public_universities.csv
福知山公立大学,http://www.fukuchiyama.ac.jp/,公立大学,public_universities.csv
大阪公立大学,https://www.omu.ac.jp/,公立大学,public_universities.csv
神戸市看護大学,http://www.kobe-ccn.ac.jp/,公立大学,public_universities.csv
神戸市外国語大学,http://www.kobe-cufs.ac.jp/,公立大学,public_universities.csv
兵庫県立大学,http://www.u-hyogo.ac.jp/,公立大学,public_universities.csv
芸術文化観光専門職大学,https://www.at-hyogo.jp/,公立大学,public_universities.csv
奈良県立医科大学,http://www.naramed-u.ac.jp/,公立大学,public_universities.csv
奈良県立大学,http://www.narapu.ac.jp/,公立大学,public_universities.csv
和歌山県立医科大学,http://www.wakayama-med.ac.jp/,公立大学,public_universities.csv
公立鳥取環境大学,http://www.kankyo-u.ac.jp/,公立大学,public_universities.csv
島根県立大学,http://www.u-shimane.ac.jp/,公立大学,public_universities.csv
岡山県立大学,http://www.oka-pu.ac.jp/,公立大学,public_universities.csv
新見公立大学,https://www.niimi-u.ac.jp/,公立大学,public_universities.csv
尾道市立大学,http://www.onomichi-u.ac.jp/,公立大学,public_universities.csv
県立広島大学,http://www.pu-hiroshima.ac.jp/,公立大学,public_universities.csv
叡啓大学,https://www.pu-hiroshima.ac.jp/site/eikei-univ/,公立大学,public_universities.csv
広島市立大学,http://www.hiroshima-cu.ac.jp/,公立大学,public_universities.csv
福山市立大学,http://www.fcu.ac.jp/,公立大学,public_universities.csv
下関市立大学,http://www.shimonoseki-cu.ac.jp/,公立大学,public_universities.csv
山口県立大学,http://www.yamaguchi-pu.ac.jp/,公立大学,public_universities.csv
山陽小野田市立山口東京理科大学,http://www.socu.ac.jp/,公立大学,public_universities.csv
周南公立大学,https://www.shunan-u.ac.jp/,公立大学,public_universities.csv
香川県立保健医療大学,https://www.kagawa-puhs.ac.jp/,公立大学,public_universities.csv
愛媛県立医療技術大学,http://www.epu.ac.jp/,公立大学,public_universities.csv
高知県立大学,http://www.u-kochi.ac.jp/,公立大学,public_universities.csv
高知工科大学,https://www.kochi-tech.ac.jp/,公立大学,public_universities.csv
北九州市立大学,http://www.kitakyu-u.ac.jp/,公立大学,public_universities.csv
九州歯科大学,http://www.kyu-dent.ac.jp/,公立大学,public_universities.csv
福岡県立大学,http://www.fukuoka-pu.ac.jp/,公立大学,public_universities.csv
福岡女子大学,http://www.fwu.ac.jp/,公立大学,public_universities.csv
長崎県立大学,http://sun.ac.jp/,公立大学,public_universities.csv
熊本県立大学,http://www.pu-kumamoto.ac.jp/index.php,公立大学,public_universities.csv
大分県立看護科学大学,http://www.oita-nhs.ac.jp/,公立大学,public_universities.csv
宮崎公立大学,http://www.miyazaki-mu.ac.jp/,公立大学,public_universities.csv
宮崎県立看護大学,http://www.mpu.ac.jp/,公立大学,public_universities.csv
沖縄県立芸術大学,http://www.okigei.ac.jp/,公立大学,public_universities.csv
沖縄県立看護大学,http://www.okinawa-nurs.ac.jp/,公立大学,public_universities.csv
名桜大学,http://www.meio-u.ac.jp/,公立大学,public_universities.csv
高岡法科大学,https://www.takaoka.ac.jp/
富山国際大学,https://www.tuins.ac.jp/
桐朋学園大学院大学,https://www.tohomusic.ac.jp/diploma/
金沢星稜大学,https://www.seiryo-u.ac.jp/u/
金沢工業大学,https://www.kanazawa-it.ac.jp/
金沢医科大学,https://www.kanazawa-med.ac.jp/
北陸大学,https://www.hokuriku-u.ac.jp/
金沢学院大学,https://www.kanazawa-gu.ac.jp/
金城大学,https://www.kinjo.ac.jp/ku/
北陸学院大学,https://www.hokurikugakuin.ac.jp/univ/
かなざわ食マネジメント専門職大学,https://kanazawa-pu.ac.jp/
福井工業大学,https://www.fukui-ut.ac.jp/
仁愛大学,https://www.jindai.ac.jp/
福井医療大学,https://www.fukui-hsu.ac.jp/
中京学院大学,https://www.chukyogakuin-u.ac.jp/
岐阜協立大学,https://www.gku.ac.jp/
岐阜女子大学,https://www.gijodai.jp/
朝日大学,https://www.asahi-u.ac.jp/
岐阜聖徳学園大学,https://www.shotoku.ac.jp/
東海学院大学,https://www.tokaigakuin-u.ac.jp/
中部学院大学,https://www.chubu-gu.ac.jp/
岐阜医療科学大学,https://www.u-gifu-ms.ac.jp/
岐阜保健大学,https://www.gifuhoken.ac.jp/
光産業創成大学院大学,https://www.gpi.ac.jp/
静岡福祉大学,https://www.suw.ac.jp/
浜松学院大学,https://www.hamagaku.ac.jp/
静岡英和学院大学,https://www.shizuoka-eiwa.ac.jp/university/
常葉大学,https://www.tokoha-u.ac.jp/index.html
静岡理工科大学,https://www.sist.ac.jp/
聖隷クリストファー大学,https://www.seirei.ac.jp/index.php
静岡産業大学,https://www.ssu.ac.jp/
愛知工科大学,https://www.aut.ac.jp/
名古屋産業大学,https://www.nagoya-su.ac.jp/
人間環境大学,https://www.uhe.ac.jp/
名古屋文理大学,https://www.nagoya-bunri.ac.jp/
愛知みずほ大学,https://www.mizuho-c.ac.jp/
愛知学院大学,https://www.agu.ac.jp/
愛知工業大学,https://www.ait.ac.jp/index.html
金城学院大学,https://www.kinjo-u.ac.jp/pc/index.html
椙山女学園大学,https://www.sugiyama-u.ac.jp/
大同大学,https://www.daido-it.ac.jp/
中京大学,https://www.chukyo-u.ac.jp/
同朋大学,https://www.doho.ac.jp/
名古屋学院大学,https://www.ngu.jp/
名古屋商科大学,https://www.nucba.ac.jp/
名古屋女子大学,https://www.nagoya-wu.ac.jp/
南山大学,https://www.nanzan-u.ac.jp/
日本福祉大学,https://www.n-fukushi.ac.jp/
名城大学,https://www.meijo-u.ac.jp/
名古屋音楽大学,https://www.meion.ac.jp/
豊田工業大学,https://www.toyota-ti.ac.jp/
名古屋外国語大学,https://www.nufs.ac.jp/
名古屋造形大学,https://www.nzu.ac.jp/
愛知産業大学,https://www.asu.ac.jp/
東海学園大学,https://www.tokaigakuen-u.ac.jp/
豊橋創造大学,https://www.sozo.ac.jp/index.php
愛知東邦大学,https://www.aichi-toho.ac.jp/
星城大学,https://www.seijoh-u.ac.jp/
愛知文教大学,https://www.abu.ac.jp/
桜花学園大学,https://www.ohkagakuen-u.ac.jp/
愛知大学,https://www.aichi-u.ac.jp/
愛知学泉大学,https://www.gakusen.ac.jp/
至学館大学,https://www.sgk.ac.jp/
中部大学,https://www.chubu.ac.jp/
藤田医科大学,https://www.fujita-hu.ac.jp/
名古屋芸術大学,https://www.nua.ac.jp/
愛知医科大学,https://www.aichi-med-u.ac.jp/
愛知淑徳大学,https://www.aasa.ac.jp/
名古屋経済大学,https://www.nagoya-ku.ac.jp/
名古屋学芸大学,https://www.nuas.ac.jp/
日本赤十字豊田看護大学,https://www.rctoyota.ac.jp/
修文大学,https://www.shubun.ac.jp/
岡崎女子大学,https://www.okazaki.ac.jp/
一宮研伸大学,https://www.ikc.ac.jp/
名古屋柳城女子大学,https://www.ryujo-u.ac.jp/
名古屋国際工科専門職大学,https://www.iput.ac.jp/nagoya
愛知医療学院大学,https://amcr.ac.jp/
四日市大学,https://www.yokkaichi-u.ac.jp/
皇學館大学,https://www.kogakkan-u.ac.jp/
鈴鹿医療科学大学,https://www.suzuka-u.ac.jp/
鈴鹿大学,https://www.suzuka.ac.jp/
四日市看護医療大学,https://www.y-nm.ac.jp/
